nid,vid,title,author_uid,spec_type,display_name,marketing_tagline,featured_image,elevation,floorplan,community,mls_number,price,marketing_flag,date_sold,Incentive,Incentive (short),hers_index_score,address,city,state,zip_code,latitude,longitude,body,content_image,square_feet,bedrooms,full_baths,half_baths,floors,garage(s),master,downloadable_brochure,property_video,marketing_images,school(s),highlight _news,highlight_news_background_color,featured_image_alt_text,featured_image_title_text,content_image_alt_text,content_image_title_text,status,post_date,updated_date,promoted_to_front_page,sticky,source,path
3826,3835,208 Ponte Vedra Drive,1087,Move-In Ready Homes,208 Ponte Vedra Drive,,25665,Preston II,Preston II,Champions Village,1915642,330921,Quick Move-in,,,,,,Murrells Inlet,SC,29576,33.58,-79.07,"<p>Welcome to Champions Village and this beautiful Low Country inspired home. Champions Village is a natural gas community that sits directly on the 18th fairway of TPC Myrtle Beach. This 4 bedroom and 2 1/2 bath home features a first floor master bed and bath with a beautiful tiled shower, huge walk in closet, granite countertops throughout, LVP flooring in the living room and common areas, beautifully painted cabinets, stainless appliances (range, microwave, and dishwasher), and a big 2 car garage. The home is very energy efficient with R50 insulation in the ceilings, radiant barrier sheathing on the roof, a tankless hot water heater, and much more. Please do not miss your chance to see this well appointed home!</p>
",,,4,2,1,2,,"Main, 1st Floor",,,25666|25667|25668|25669|25670|25671|25672|25673|25674,,,,,,,,1,1564413306,1564413306,0,0,node/3826,/properties/208-ponte-vedra-drive
3825,3834,312 Scottsdale Court,1087,Move-In Ready Homes,312 Scottsdale Court ,"""High-Tech, Smart Home"" ",25653,Riverbirch Z,Riverbirch,Champions Village,1915614,314749,Now Available,,,,,,Murrells Inlet,SC,29576,33.58,-79.07,"<p>Welcome to Champions Village and this beautiful Low Country inspired home. Champions Village is a natural gas community that sits directly on the 18th fairway of TPC Myrtle Beach. This 3 bedroom 2&1/2 bath home features a first floor master bed and bath with a beautiful tiled shower, 2 walk in closets, granite countertops throughout, LVP flooring in the living room and common areas, beautifully painted cabinets, stainless appliances (range, microwave, and dishwasher), and a 1 &1/2 car garage. The home is very energy efficient with R50 insulation in the ceilings, radiant barrier sheathing on the roof, a tankless hot water heater, and much more. Please do not miss your chance to see this well appointed home!</p>
",,,3,2,1,2,,"Main, 1st Floor",,,25657|25658|25659|25660|25661|25662|25663|25664,,,,,,,,1,1564412755,1564412755,0,0,node/3825,/properties/312-scottsdale-court
3824,3833,135 Drummond Way,190,Available Floorplans,,one story floor plan,16097,Annaberry B,Annaberry,Brookstone,476206,193746,Normal,,,,,135 Drummond Way,Lexington,SC,29072,33.96,-81.25,,,,,,,,,,,,,"Lexington Elementary,Lexington Middle School,Lexington High School",,,,,,,1,1564346154,1564346154,0,0,node/3824,/properties/135-drummond-way-0
3823,3832,126 Drummond Way,190,Available Floorplans,,,16097,Porter II F,Porter II,Brookstone,,235773,Normal,,,,,126 Drummond Way,lexington,sc,29072,33.96,-81.25,,,,,,,,,,,,,"Lexington Elementary,Lexington Middle School,Lexington High School",,,,,,,1,1564345946,1564345946,0,0,node/3823,/properties/126-drummond-way-0
3821,3830,178 Cedar Chase Lane,1841,Move-In Ready Homes,"Beautiful Camellia - 4 Bedroom, 3 Bathroom w/ Master Down ",,25551,Camellia C4 w/Bonus,Camellia II,Cedar Mill,,293046,Sold,2019-07-01 00:00:00,,,,178 Cedar Chase Lane,Irmo,SC,29063,34.13,-81.24,,,2157,4,3,,2,2,"Main, 1st Floor",https://www.greatsouthernhomes.com/sites/default/files/property_brochures/Camellia_0.pdf,,,"Ballentine Elementary School,Dutch Fork Middle School,Dutch Fork High School",,,,,,,1,1564172716,1564172716,0,0,node/3821,/properties/178-cedar-chase-lane
3820,3829,186 Cedar Chase Lane,1841,Move-In Ready Homes,Camellia Floorplan w/ Upstairs Suite,,25549,Camellia C4 w/Bonus,Camellia II,Cedar Mill,,297169,Sold,2019-07-01 00:00:00,,,,186 Cedar Hollow Lane,Irmo,SC,29063,34.13,-81.24,,,2157,4,3,,,,Down,https://www.greatsouthernhomes.com/sites/default/files/property_brochures/Camellia.pdf,,,"Ballentine Elementary School,Dutch Fork Middle School,Dutch Fork High School",,,,,,,1,1564172533,1564172533,0,0,node/3820,/properties/186-cedar-chase-lane
3819,3828,1151 Sapphire Drive {Lot7},284,Available Floorplans,BentCreek,Green Home,25522,Bentcreek C,Bentcreek,Summit at Sage Creek,,219215,Normal,,"<p>$5000 Buyer Incentive!</p>
",,,1151 Sapphire Drive,Graniteville,SC,29829,33.59,-81.82,,,2225,4,3,,,2,Up,,,25523|25524|25525|25526|25527|25528|25529|25530|25531|25532|25533|25534|25535|25536|25537|25538|25539|25540|25541|25542|25543|25544|25545|25546|25547|25548,"Byrd Elementary School,Leavelle McCampbell Middle School,Midland Valley High School",,,,,,,1,1564161999,1564165954,0,0,node/3819,/properties/1151-sapphire-drive-lot7
3818,3827,223 Cedar Hollow Lane - Lot 52,1841,Move-In Ready Homes,All Brick Magnolia B Floorplan,,25489,Magnolia B,Magnolia,Cedar Mill,,344281,Now Available,,,,,223 Cedar Hollow Lane,Irmo,SC,29063,34.13,-81.24,,,2510,4,3,,1,2,Down,https://www.greatsouthernhomes.com/sites/default/files/property_brochures/Magnolia.pdf,,25491|25492|25493|25494|25495|25496|25497|25498|25499|25500|25501|25502|25503|25504|25506|25507|25508|25509|25510|25511|25512|25513|25514|25515,"Ballentine Elementary School,Dutch Fork Middle School,Dutch Fork High School",,,,,,,1,1564087773,1564173426,0,0,node/3818,/properties/223-cedar-hollow-lane-lot-52
3816,3825,1157 Sapphire Drive {Lot6},284,Available Floorplans,The Bradley II,Green Home,25464,Bradley II A,Bradley II,Summit at Sage Creek,,249649,Normal,,"<p>$5000 Buyer Incentive</p>
",,,1157 Sapphire Drive,Graniteville,SC,29829,34.13,-81.24,,,3040,5,3,1,,2,,,,25465|25466|25467|25468|25469|25470|25471|25472|25473|25474|25475|25476|25477|25478|25479|25480|25481|25482|25487|25488|25516|25517|25518|25519|25520|25521,"Byrd Elementary School,Leavelle McCampbell Middle School,Midland Valley High School",,,,,,,1,1564085653,1564166027,0,0,node/3816,/properties/1157-sapphire-drive-lot6
3815,3824,1163 Sapphire Drive {Lot5},284,Available Floorplans,The Devonshire II ,Green Home,16097,Devonshire A,Devonshire,Summit at Sage Creek,,234952,Normal,,"<p>$5000 Buyer Incentive</p>
",,,1163 Sapphire,Graniteville,SC,29829,34.13,-81.24,,,2595,4,2,1,,2,,,,25434|25435|25436|25437|25438|25439|25440|25441|25442|25443|25444|25445|25446|25447|25448|25449|25450|25451|25452|25453|25454|25455|25456|25457|25458|25459|25460|25461|25462|25463,"Byrd Elementary School,Leavelle McCampbell Middle School,Midland Valley High School",,,,,,,1,1564083481,1564166080,0,0,node/3815,/properties/1163-sapphire-drive-lot5
3814,3823,1169 Sapphire Drive {Lot4},284,Available Floorplans,Porter II,Green Home,16097,Porter F,Porter,Summit at Sage Creek,,229802,Now Available,,,,,1169 Sapphire Drive,Graniteville ,SC,29829,34.13,-81.24,,,,,,,,,,,,25405|25406|25407|25408|25409|25410|25411|25412|25413|25414|25415|25416|25417|25418|25419|25420|25421|25422|25423|25424|25425|25426|25427|25428|25429|25430|25431|25432|25433,"Byrd Elementary School,Leavelle McCampbell Middle School,Midland Valley High School",,,,,,,1,1564003213,1564166134,0,0,node/3814,/properties/1169-sapphire-drive-lot4
3813,3822,1173 Sapphire Drive {Lot3},284,Available Floorplans,BentCreek B,Green Home,25374,Bentcreek B,Bentcreek,Summit at Sage Creek,,222412,Now Available,,"<p>$5000 Buyer Incentive</p>
",,,1173 Sapphire Drive,Granitville,SC,29829,34.13,-81.24,,,,,,,,,,,,25375|25376|25377|25378|25379|25380|25381|25382|25383|25384|25385|25386|25387|25388|25389|25390|25391|25392|25393|25394|25395|25396|25397|25398|25399|25400|25401|25402|25403|25404,"Byrd Elementary School,Leavelle McCampbell Middle School,Midland Valley High School",,,,,,,1,1563999595,1564166412,0,0,node/3813,/properties/1173-sapphire-drive-lot3
3812,3821,208 St Thomas Church Rd,139,Move-In Ready Homes,208 St Thomas Church Rd,,25294,Edisto E,Edisto,St. Thomas Church Road,474531,359696,Normal,2019-07-24 00:00:00,,,,,Chapin,SC,29036,34.1,-81.33,,,,,,,,,,,,25317|25318|25319|25320|25321|25322|25323|25324|25325|25326|25327|25328|25329|25330|25331|25332|25333|25334|25335|25336|25337|25338|25339|25340|25341|25342,,,,,Stock Photo,,,1,1563990453,1563990453,0,0,node/3812,/properties/208-st-thomas-church-rd
3811,3820,212 St Thomas Church Rd,139,Move-In Ready Homes,212 St Thomas Church Rd,,25269,Magnolia C Sideload,Magnolia,St. Thomas Church Road,470741,369913,Normal,2019-07-24 00:00:00,,,,212 St Thomas Church Rd,Chapin,SC,29036,34.1,-81.33,,,,,,,,,,,,25270|25271|25272|25273|25274|25275|25276|25277|25278|25279|25280|25281|25282|25283|25284|25285|25286|25287|25288|25289|25290|25291|25292|25293,,,,,Stock Photo,,,1,1563987699,1563987699,0,0,node/3811,/properties/212-st-thomas-church-rd
3810,3819,1179 Sapphire Drive {Lot2},284,Available Floorplans,Davenport II,Green Homes,25316,Davenport E,Davenport,Summit at Sage Creek,,216336,Now Available,,"<p>Buyer Incentive $5000.00</p>
",,,1179 Sapphire Drive,Graniteville,SC,29829,34.13,-81.24,,,2205,4,2,1,2,2,Up,,,25343|25344|25345|25346|25347|25348|25349|25350|25351|25352|25353|25354|25355|25356|25357|25358|25359|25360|25361|25362|25363|25364|25365|25366|25367|25368|25369|25370|25371|25372,"Byrd Elementary School,Leavelle McCampbell Middle School,Midland Valley High School",,,,,,,1,1563986302,1564166204,0,0,node/3810,/properties/1179-sapphire-drive-lot2
3809,3818,68 Sixty Oaks Lane ,58,Move-In Ready Homes,68 Sixty Oaks Lane ,"Live Green, Live Smart!",25247,Beaumont C,Beaumont,Fair Havens,,384900,Normal,,,,,,Elgin,SC,29045,34.20346,-80.75114,,,,,,,,,,,,,,,,,,,,1,1563910426,1563910922,0,0,node/3809,/properties/68-sixty-oaks-lane
3808,3817,1708 Trevino Drive,201,Move-In Ready Homes,,"""Amazing Smart Tech Home""",25213,Bradley B,Bradley I,Pocalla Springs,,234407,Normal,2019-07-22 0:00:00,,,,,Sumter,SC,29154,33.87,-80.36,,,3040,5,3,,2,2,,,,,"Pocalla Springs Elementary School,Furman Middle School,Lakewood High School",,,Beautiful Pond Lot,,,,1,1563823497,1563823497,0,0,node/3808,/properties/1708-trevino-drive-0
3807,3816,3165 Mayflower Lane,285,Move-In Ready Homes,5 BR in Garden Gate available Fall 2019,5 BR in Garden Gate available Fall 2019,16097,Rivergrass A,Rivergrass,Garden Gate,,,Normal,,,,,3165 Mayflower Lane,Sumter,SC,29105,33.94,-80.42,,,2241,4,3,,2,2,,,,,,,,,,,,1,1563822854,1563822854,0,0,node/3807,/properties/3165-mayflower-lane-0
3806,3815,3165 Mayflower Lane,285,Move-In Ready Homes,5 BR in Garden Gate available Fall 2019,5 BR in Garden Gate available Fall 2019,16097,Rivergrass A,Rivergrass,Garden Gate,,,Normal,,,,,3165 Mayflower Lane,Sumter,SC,29105,33.94,-80.42,,,2241,4,3,,2,2,,,,,,,,,,,,1,1563822757,1563822757,0,0,node/3806,/properties/3165-mayflower-lane
3805,3814,3161 Mayflower Lane,285,Move-In Ready Homes,3161 Mayflower Lane ready Fall 2019,Brand new in Garden Gate Move in Fall 2019,16097,McKinley D,McKinley,Garden Gate,,,Normal,,,,,3161 Mayflower Lane,Sumter,SC,29150,33.94,-80.42,,,2313,4,2,1,2,2,,,,,,,,,,,,1,1563822525,1563822525,0,0,node/3805,/properties/3161-mayflower-lane
3804,3813,1708 Trevino Drive,201,Move-In Ready Homes,,"""Amazing Smart Tech Home""",25213,Bradley B,Bradley I,Pocalla Springs,,234407,Normal,2019-07-22 0:00:00,,,,,Sumter,SC,29154,33.87,-80.36,,,3040,5,3,,2,2,,,,,"Pocalla Springs Elementary School,Furman Middle School,Lakewood High School",,,Beautiful Pond Lot,,,,1,1563822346,1563822346,0,0,node/3804,/properties/1708-trevino-drive
3803,3812,3153 Mayflower Lane,285,Move-In Ready Homes,3153 Mayflower Lane ready Fall 2019,New Construction in popular Garden Gate move in Fall 2019,16097,Rivergrass A,Rivergrass,Garden Gate,,,Normal,,,,,3153 Mayflower Lane,Sumter,SC,29150,33.94,-80.42,,,2241,4,3,,2,2,,,,,,,,,,,,1,1563822344,1563822344,0,0,node/3803,/properties/3153-mayflower-lane
3802,3811,178 Niblick Drive,201,Move-In Ready Homes,,High Tech Green Smart Home,25211,Bentgrass B,Bentgrass - all brick,Pocalla Springs,,197315,Now Available,2019-07-22 0:00:00,,,,,Sumter,SC,29454,33.87,-80.36,,,2272,5,3,,2,2,,,,,"Pocalla Springs Elementary School,Furman Middle School,Lakewood High School",,,,,,,1,1563821169,1563821519,0,0,node/3802,/properties/178-niblick-drive
3801,3810,38 Estate Place,58,Move-In Ready Homes,38 Estate Place,"Live Green, Live Smart!",25209,Yorkshire H6,Yorkshire H6,The Preserve,,429900,Normal,,,,,,Camden,SC,29020,34.26,-80.64,,,,,,,,,,,,,,,,,,,,1,1563821034,1563821119,0,0,node/3801,/properties/38-estate-place
3800,3809,28 Estate Place,58,Move-In Ready Homes,28 Estate Place,"Live Green, Live Smart!",25208,Canterbury A,Canterbury,The Preserve,476280,372000,Normal,,,,,,Camden,SC,29020,34.26,-80.64,,,3069,5,3,1,2,2,,,,,,,,,,,,1,1563820381,1563820381,0,0,node/3800,/properties/28-estate-place
3799,3808,Baymont Model Home,255,Move-In Ready Homes,,,25207,Aberdeen A,Aberdeen,Baymont,,,Normal,2019-07-22 0:00:00,,,,,Blythewood,SC,29016,,,,,2394,4,3,1,2,2,,,,,,,,,,,,0,1563818752,1563818752,0,0,node/3799,/properties/baymont-model-home
3798,3807,32 Regal Drive,58,Move-In Ready Homes,32 Regal Drive,"Live Green, Live Smart!",16097,Davenport A,Davenport,Regal Woods,,208699,Now Available,,,,,,Elgin,SC,29045,34.19,-80.82,,,2101,4,2,1,2,2,,,,,,,,,,,,1,1563811442,1563811511,0,0,node/3798,/properties/32-regal-drive
3797,3806,644 Teaberry Drive (Lot 117),215,Move-In Ready Homes,,,25157,Bentgrass A,Bentgrass - all brick,Hawthorne Ridge,,216609,Now Available,,,,,644 Teaberry Drive,Columbia,SC,29229,34.17,-80.92,,,2272,5,3,,2,2,,,,25158|25159|25160|25161|25162|25163|25164|25165|25166|25167|25168|25169|25170|25171|25172|25173|25174|25175,,,,,,,,1,1563733015,1563734250,0,0,node/3797,/properties/644-teaberry-drive-lot-117
3796,3805,656 Teaberry Drive (Lot 114),215,Move-In Ready Homes,,,25135,Bentgrass C,Bentgrass - all brick,Hawthorne Ridge,,218609,Now Available,,,,,656 Teaberry Drive,Columbia,SC,29229,34.17,-80.92,,,2272,5,3,,2,2,,,,25136|25137|25138|25139|25140|25141|25143|25144|25145|25146|25147|25148|25149|25151|25153|25154|25155|25156,,,,,,,,1,1563639296,1563640550,0,0,node/3796,/properties/656-teaberry-drive-lot-114
3795,3804,128 Sunny Point Loop,968,Move-In Ready Homes,,,25134,Bentgrass F,Bentgrass - all brick,Hidden Valley,,236549,Normal,,,,,128 Sunny Point Loop,Central,SC,29630,34.73,-82.78,,,2272,5,3,,2,2,,,,,"Central Elementary School,R. C. Edwards Middle,Daniel High School",,,,,,,1,1563571076,1563797709,0,0,node/3795,/properties/128-sunny-point-loop
3794,3803,194 Sunny Point Loop,968,Move-In Ready Homes,,,25133,Devonshire A,Devonshire,Hidden Valley,,244100,Normal,,,,,194 Sunny Point Loop,Central,SC,29630,34.73,-82.78,,,2570,4,2,1,2,2,,,,,"Central Elementary School,R. C. Edwards Middle,Daniel High School",,,,Devonshire A by Great Southern Homes,,,1,1563570878,1563797678,0,0,node/3794,/properties/194-sunny-point-loop
3793,3802,Hillsborough Model Home,255,Move-In Ready Homes,,,25132,Aberdeen A,Aberdeen,Hillsborough,,,Normal,2019-07-19 0:00:00,,,,,Conway,SC,29526,33.81,-78.92,,,2394,4,3,1,2,2,,,,,,,,,,,,0,1563565117,1563565117,0,0,node/3793,/properties/hillsborough-model-home-0
3792,3801,641 Teaberry Drive (Lot 110),215,Move-In Ready Homes,,,25107,Davenport A,Davenport,Hawthorne Ridge,,207412,Now Available,,,,,641 Teaberry Drive,Columbia,SC,29223,34.17,-80.92,,,2101,4,2,1,2,2,,,,25108|25109|25110|25111|25112|25113|25114|25115|25116|25117|25118|25119|25120|25121|25122|25123|25124|25125|25126|25127|25128|25129|25130|25131,,,,,,,,1,1563562577,1563564908,0,0,node/3792,/properties/641-teaberry-drive-lot-110
3791,3800,615 Watershed Way (Lot 43),215,Move-In Ready Homes,,,25106,Bentgrass C,Bentgrass - all brick,Spring Meadow,,210947,Sold,2019-07-17 0:00:00,,,,615 Watershed Way,Columbia,SC,29223,34.13,-80.92,,,2272,5,3,,2,2,,,,,,,,,,,,1,1563557793,1563557793,0,0,node/3791,/properties/615-watershed-way-lot-43
3790,3799,23 Estate Place,58,Move-In Ready Homes,23 Estate Place,"Live Green, Live Smart!",25104,Magnolia C,Magnolia,The Preserve,,359900,Sold,2019-07-18 0:00:00,,,,,Camden,SC,29020,34.26,-80.64,,,2510,4,3,0,1,2,,,,,,,,,,,,1,1563483118,1563483118,0,0,node/3790,/properties/23-estate-place
3789,3798,51 Sixty Oaks Lane,58,Move-In Ready Homes,51 Sixty Oaks Lane,"Live Green, Live Smart!",25103,Canterbury A,Canterbury,Fair Havens,,354900,Now Available,,,,,,Elgin,SC,29045,34.2,-80.75,,,3069,5,3,1,2,2,,,,,,,,,,,,1,1563476916,1563476916,0,0,node/3789,/properties/51-sixty-oaks-lane
3788,3797,223 Hilton View Court,2305,Move-In Ready Homes,223 Hilton View Court,,16097,Magnolia B,Magnolia,Estates at Hilton,468308,359503,Normal,2019-07-18 0:00:00,,,,,Chapin,SC,29036,34.1,-81.29,,,2510,4,3,0,1,2,,,,25085|25086|25087|25088|25089|25090|25091|25092|25093|25094|25096|25097|25098|25099|25100|25101,,,,,,,,1,1563476000,1563476000,0,0,node/3788,/properties/223-hilton-view-court
3787,3796,Freewood Park Model HOme,255,Move-In Ready Homes,,,25081,Aberdeen A,Aberdeen,Freewoods Park,,,Normal,2019-07-17 0:00:00,,,,,Myrtle Beach,SC,29588,33.64,-79.06,,,2394,4,3,1,2,2,,,,,,,,,,,,0,1563382884,1563382884,0,0,node/3787,/properties/freewood-park-model-home
3786,3795,518 Pinnacle Lane,191,Move-In Ready Homes,518 Pinnacle Lane,,25080,Taylor F,Taylor,Sunset Bay,,197944,Quick Move-in,2019-07-16 0:00:00,,,,,Lexington,SC,29072,34.01,-81.36,,,1534,3,2,1,2,1,,,,,,,,,,,,1,1563310078,1563310078,0,0,node/3786,/properties/518-pinnacle-lane-0
3785,3794,375 Mountain View Drive,255,Move-In Ready Homes,,,25076,Bentcreek E Brick Front,Bentcreek,Mountain View,20217087,254900,Sold,2019-07-03 0:00:00,,,,375 Mountain View Drive,Central,SC,29630,34.7,-82.8,"<p><strong>Brand new Construction in highly desirable Central area. New Homes surrounding area and close proximity to Central Academy for the Arts. Built by Great southern Homes. High quality materials and workmanship. Plan includes 5 bedroom/3 baths with open kitchen/living room floor plan. 5th bedroom could easily serve as office. Large master suite upstairs as well as rec room. Granite countertops, LVT flooring in LR, kitchen, baths and laundry. Brick front. Bentcreek Plan with Elevation E. Some details and finishes may vary from photos.</strong></p>",,2225,5,3,,2,2,,,,,,,,Bentcreek E by Great Southern Homes,Bentcreek E by Great Southern Homes,,,1,1563206664,1563207047,0,0,node/3785,/properties/375-mountain-view-drive
3784,3793,383 Mountain View Drive,255,Move-In Ready Homes,,,25075,Porter II K,Porter II,Mountain View,20217093,249999,Normal,2019-07-15 0:00:00,,,,383 Mountain View Drive,Central,SC,29630,34.7,-82.8,"<p><strong>Brand new Construction in highly desirable Central area. New Homes surrounding area and close proximity to Central Academy for the Arts. Built by Great southern Homes. High quality materials and workmanship. Plan includes 4bedroom/2.5 baths with open kitchen/living room floor plan. Formal dining. Large master suite upstairs. Office on main level Granite countertops, LVT flooring in LR, kitchen, baths and laundry. Brick front. porter II plan with K elevation. Some details and finishes may vary from photos.</strong></p>",,2286,4,2,1,2,2,,,,,,,,Porter II K by Great Southern Homes,Porter II K by Great Southern Homes,,,1,1563206268,1563206268,0,0,node/3784,/properties/383-mountain-view-drive
3783,3792,370 Mountain View Drive,255,Move-In Ready Homes,,,25074,Devonshire II D,Devonshire II,Mountain View,20217090,244900,Normal,2019-07-15 0:00:00,,,,379 Mountain View Drive,Central,SC,29630,34.7,-82.8,"<p><strong>Brand new Construction in highly desirable Central area. New Homes surrounding area and close proximity to Central Academy for the Arts. Built by Great Southern Homes. High quality materials and workmanship. Plan includes 4bedroom/2.5 baths with open kitchen/living room floor plan. Formal dining. Large master suite upstairs as well as rec room. Granite countertops, LVT flooring in LR, kitchen, baths and laundry. Brick front. Davenport II plan with D elevation. Some details and finishes may vary from photos.</strong></p>",,2567,4,2,,2,2,,,,,,,,Devonshire II D2 by Great Southern Homes,Devonshire II D2 by Great Southern Homes,,,1,1563206029,1563206029,0,0,node/3783,/properties/370-mountain-view-drive
3782,3791,1229 Madden Bridge Road,255,Move-In Ready Homes,,,25073,Bentgrass F,Bentgrass - all brick,Madden Bridge Road,20217144,259900,Normal,2019-07-15 0:00:00,,,,1229 Madden Bridge Road,Central,SC,29630,34.73,-82.82,"<p><strong>Brand new construction by Great Southern Homes. Bentgrass with elevation F. Large master suite and 4 other bedrooms. 5th bedroom on main level could serve as office. Open floor plan. Granite countertops, stainless steel appliances, smart home system, tankless water heater and more.Large covered rear porch with Fireplace!!Excellent location with close proximity to both R C Edwards Middle School and D W Daniel high schoo</strong>l.</p>",,2272,5,3,,2,2,,,,,,,,Bentgrass F by Great Southern Homes,Bentgrass F by Great Southern Homes,,,1,1563204942,1563204942,0,0,node/3782,/properties/1229-madden-bridge-road
3781,3790,1233 Madden Bridge Road,255,Move-In Ready Homes,,,25072,Bentgrass C,Aberdeen,Madden Bridge Road,20217143,259900,Normal,2019-07-15 0:00:00,,,,1233 Madden Bridge Road,Central,SC,29630,34.73,-82.82,"<p><strong>Brand new construction by Great Southern Homes. Bentgrass with elevation C. Large master suite and 4 other bedrooms. 5th bedroom on main level could serve as office. Open floor plan. Granite countertops, stainless steel appliances, smart home system, tankless water heater and more.Large covered rear porch with Fireplace!!Excellent location with close proximity to both R C Edwards Middle School and D W Daniel high school.</strong></p>",,2394,4,3,1,2,2,,,,,,,,The Bentgrass C by Great Southern Homes,The Bentgrass C by Great Southern Homes,,,1,1563204696,1563204696,0,0,node/3781,/properties/1233-madden-bridge-road
3780,3789,1237 Madden Bridge Road,255,Move-In Ready Homes,,,25071,Bentgrass C,Bentgrass - all brick,Madden Bridge Road,20217124,259900,Normal,2019-07-15 0:00:00,,,,1237 Madden Bridge Road,Central,SC,29630,34.73,-82.82,"<p><strong><span class=""cite"">Brand new construction by Great Southern Homes. Bentgrass with elevation A. Large master suite and 4 other bedrooms. 5th bedroom on main level could serve as office. Open floor plan. Granite countertops, stainless steel appliances, smart home system, tankless water heater and more.Large covered rear porch with Fireplace!!Excellent location with close proximity to both R C Edwards Middle School and D W Daniel high school.</span></strong></p>",,2272,5,3,,2,2,,,,,,,,Bentgrass C by Great Southern Homes,Bentgrass C by Great Southern Homes,,,1,1563204400,1563204450,0,0,node/3780,/properties/1237-madden-bridge-road
3778,3787,186 Cayman Loop,255,Move-In Ready Homes,,,25063,Caspian A,Caspian,Waccamaw Trace,1912946,569900,Normal,2019-07-11 0:00:00,,,,185 Cayman Loop,Pawleys Island,SC,29585,33.49,-79.09,"<h2>Great Southern Homes brings another Green Smart home to Waccamaw Trace in desirable North Litchfield - the best of all worlds with a community pool and direct access to the beach for golf cart, bike or walking - of course, you can always drive. Spacious living areas on first level offer plenty of room to spread out - hardwoods and tile throughout main living - 4 bedrooms plus bunk room which is either a 5th bedroom or flex space, to accommodate friends and family, or even renters. Large front porch and second story balcony for great outdoor living.</h2>",,2790,4,3,,2,2,,,,,,,,,The Caspian A by Great Southern Homes,,,1,1562869646,1562869646,0,0,node/3778,/properties/186-cayman-loop
3777,3786,185 Cayman Loop,255,Move-In Ready Homes,,,25062,Sea Breeze II A,Sea Breeze,Waccamaw Trace,1913009,529900,Normal,2019-07-11 0:00:00,,,,185 Cayman Loop,Pawleys Island,SC,29585,33.49,-79.09,"<h2>Great Southern Homes brings another Green Smart home to Waccamaw Trace in desirable North Litchfield - the best of all worlds with a community pool and direct access to the beach for golf cart, bike or walking - of course, you can always drive. 2 masters, one on first floor, plus 2 more bedrooms and a bonus room upstairs - hardwoods throughout main living areas - spacious great room and dining - Front porch and huge back deck for wonderful outdoor living.</h2>",,2577,4,4,,3,2,,,,,,,,The Sea Breeze II A by Great Southern Homes,The Sea Breeze II A by Great Southern Homes,,,1,1562869132,1562869132,0,0,node/3777,/properties/185-cayman-loop
3774,3783,3029 Gedney Circle,211,Move-In Ready Homes,3029 Gedney Circle,"High-Tech, Smart Home with Hardwood Flooring on Main Level",25052,Crestview II B,Crestview,Blythewood Crossing,,189875,Now Available,,,,,3029 Gedney Circle,Blythewood,SC,29016,34.16,-80.97,,,1807,3,2,1,2,2,Up,,,,,,,,,,,1,1562814943,1563466707,0,0,node/3774,/properties/3029-gedney-circle
3773,3782,251 Longmont Drive,2478,Move-In Ready Homes,,,25214,Bentcreek E Brick Front,Bentcreek,Roland's Crossing,262069,225216,Green Tag,2019-07-10 0:00:00,,"$2,000 Mad Money!!",,251 Longmont Drive,Boiling Springs,SC,29316,35.07,-81.95,,,2225,5,3,,2,2,,,,,"Boiling Springs Elementary School,Boiling Springs Middle School,Boiling Springs High School",,,,,,,1,1562796767,1563822729,0,0,node/3773,/properties/251-longmont-drive
3772,3781,3013 Gedney Circle,211,Move-In Ready Homes,3013 Gedney Circle,"High-Tech, Smart Home with Hardwood Flooring on Main Level",25049,Crestview II B,Crestview,Blythewood Crossing,,192275,Now Available,,,,,3013 Gedney Circle,Blythewood,SC,29016,34.16,-80.97,,,1807,3,2,1,2,2,Up,,,,,,,,,,,1,1562788865,1563466753,0,0,node/3772,/properties/3013-gedney-circle
3771,3780,616 Cheehaw Ave,68,Move-In Ready Homes,,"5 Bedrooms, Chef Kitchen - Don't Miss this one! ",25039,Bentgrass A,Bentgrass - all brick,Timmons Pond,,210509,Now Available,,,,,616 Cheehaw Ave,West Columbia,SC,29170,33.96,-81.15,,,2272,5,3,,2,2,,,,,,,,,,,,1,1562737447,1562737447,0,0,node/3771,/properties/616-cheehaw-ave
3770,3779,608 Cheehaw Ave,68,Move-In Ready Homes,,Best Selling Floor Plan - The Bentgrass 5 Bedrooms 3 Full baths,25065,Bentgrass C,Bentgrass - all brick,Timmons Pond,,212147,Now Available,,,,,608 Cheehaw Ave,West Columbia,sc,29170,33.96,-81.15,,,2272,5,3,,2,2,,,,,,,,,,,,1,1562737259,1563124843,0,0,node/3770,/properties/608-cheehaw-ave
3769,3778,612 Cheehaw Ave,68,Move-In Ready Homes,,Buckley - Master on Main! Tons of Storage in this floor plan.,25038,Buckley C,Buckley,Timmons Pond,,196372,Now Available,,,,,612 Cheehaw Ave,West Columbia,SC,29170,33.96,-81.15,,,1748,3,2,1,2,2,,,,,,,,,,,,1,1562736586,1562736586,0,0,node/3769,/properties/612-cheehaw-ave
3768,3777,624 Cheehaw Ave,68,Move-In Ready Homes,,This one will WOW you! Open 1-Story Floor Plan,25066,Pocono A,Pocono,Timmons Pond,,174273,Normal,2019-07-10 0:00:00,,,,624 Cheehaw Ave,West Columbia,SC,29170,33.96,-81.15,,,1416,3,2,,1,1,,,,,,,,,,,,1,1562736411,1563129908,0,0,node/3768,/properties/624-cheehaw-ave
3767,3776,628 Cheehaw Ave,68,Move-In Ready Homes,,Porter F with Double Front Porch,25037,Porter F,Porter,Timmons Pond,,220843,Now Available,,,,,628 Cheehaw Ave,West Columbia,SC,29170,33.96,-81.15,,,2250,4,2,1,2,2,,,,,,,,,,,,1,1562736080,1562736080,0,0,node/3767,/properties/628-cheehaw-ave
3766,3775,259 Longmont Drive,2478,Move-In Ready Homes,,,25036,Bentcreek E Brick Front,Bentcreek,Roland's Crossing,,225626,Green Tag,2019-07-09 0:00:00,,"$2,000 Mad Money!",,259 Longmont Drive,Boiling Springs,SC,29316,35.07,-81.95,,,2225,5,3,,2,2,,,,,"Boiling Springs Elementary School,Boiling Springs Middle School,Boiling Springs High School",,,,,,,1,1562698578,1563822496,0,0,node/3766,/properties/259-longmont-drive
3765,3774,"Shoals Landing, Lot 14",59,Move-In Ready Homes,"354 Silver Anchor Drive, Lot 14, Columbia, SC 29212",Check out the SUNROOM!,25035,Amelia D6,Amelia,Shoals Landing,,221880,Normal,2019-07-09 0:00:00,,Master Bedroom on Main!,,"354 Silver Anchor Drive, Lot 14",Columbia,SC,29212,34.09,-81.22,"<p>New Construction by Great Southern Homes. Lot 14 Shoals Landing. Amelia D6 Floor plan with the Sunroom added! On the main level you'll find the MASTER BEDROOM with large walk-in closet, separate tub and walk-in shower, water closet and double vanity. The large kitchen sports painted ivory, Shaker style cabinets, 3 cm granite, stainless appliance package and pantry. The greatroom offers a gas log fireplace. You'll fall in love with the bright Sunroom that can also serve as a dining area. You'll also be pampered with the double garage and rear patio. Upstairs are Bedrooms 2 & 3, a full bath and loft area. The baths, laundry, foyer, kitchen, sunroom and greatroom are all finished with LVP (Luxury Vinyl Plank). The front exterior offers a craftsman styling with low maintenance vinyl siding and stone accents. The Honeywell Smart Home Automation System is included! You may opt to include our Residential Energy GUARANTEE! One year builder workmanship warranty and 10 structural warranty are included! The home is loaded with GreenSmart energy efficient features: radiant barrier attic sheathing, HERS testing & tankless water heater, energy efficient gas furnace and much, much more! You'll really appreciate the low utility bills you'll enjoy in our energy efficient homes! Fully landscaped with sod & sprinklers.</p>",,1677,3,2,1,2,2,"Main, 1st Floor",,,,,,,,,,,1,1562692305,1562692305,0,0,node/3765,/properties/shoals-landing-lot-14
3764,3773,"Shoals Landing, Lot 13",59,Move-In Ready Homes,"350 Silver Anchor Drive, Lot 13, Columbia, SC 29212",One story plan with loads of closet space!,25034,Aster C,Aster,Shoals Landing,,228346,Normal,,,Formal Dining Area,,"350 Silver Anchor Drive, Lot 13",Columbia,SC,29212,34.09,-81.22,"<p>Irmo's Gated Shoals Landing subdivision...new construction by Great Southern Homes--see us at the new model home at 142 Shoals Landing Dr! Lot 13. Aster C floor plan. One level, open-concept living with THREE bedrooms on the main level with a nice DR, too! The covered front porch greets you and welcomes you inside the entry foyer. It opens into the large greatroom with gas log fireplace & nice kitchen with raised breakfast bar, painted Ivory, Shaker style cabinets, 3 cm granite tops and stainless appliance package: dishwasher, microwave, disposal & smooth top range. You'll love the dining room with the box ceiling. MBR sports a box ceiling & a private bath with large shower, dual vanity, water closet & TWO large walk-in closets. Two more nice sized BRs complete the lay-out along with the shared hall bath. Laundry room. Double garage with opener & covered patio/porch is great for outdoor entertaining! Luxury vinyl plank in all public areas, baths and laundry. Carpet in Bedrooms. The Honeywell Smart Home Automation System is included! You may opt to include our Residential Energy GUARANTEE! One year builder workmanship warranty and 10 structural warranty are included! The home is loaded with GreenSmart energy efficient features: radiant barrier attic sheathing, HERS testing & tankless water heater, energy efficient gas furnace and much, much more! You'll really appreciate the low utility bills you'll enjoy in our energy efficient homes! Landscaped with sod & sprinklers.</p>",,1909,3,2,0,1,2,"Main, 1st Floor",,,,,,,,,,,1,1562692074,1562692074,0,0,node/3764,/properties/shoals-landing-lot-13
3763,3772,"Shoals Landing, Lot 12",59,Move-In Ready Homes,"346 Silver Anchor Drive, Lot 12, Columbia, SC 29212",Check out the hardwood and tile floors!,25033,Dahlia C,Dahlia,Shoals Landing,,222847,Normal,2019-07-09 0:00:00,,One Story Home with Dining Room!,,346 Silver Anchor Drive,Columbia,SC,29212,34.09,-81.22,"<p>Our decorated model is now open at 142 Shoals Landing Drive--11 am-6 pm Monday-Saturday, 1-6 pm Sundays. Irmo's Gated Shoals Landing--New construction by Great Southern Homes. Dahlia C Floor Plan. Lot 12. One level living with everything on the main! The front porch welcomes you into the foyer and dining room with coffered ceiling, hardwoods and open archways. The greatroom sports smart hardwood flooring, box ceiling and gas log fireplace. Large kitchen, also with hardwoods, offers ample storage, 3 CM granite, stainless appliances, maple espresso stained, Shaker style cabinets, raised breakfast bar, and pantry. The Master Bedroom has a large walk-in closet, ceiling fan and private bath with separate shower, soaking tub and dual vanity. Baths and laundry offer tiled floors. Two more bedrooms share the hall bath. Laundry room. Double garage. The Honeywell Smart Home Automation System is included and you may opt to include our Residential Energy GUARANTEE! One year builder workmanship warranty and 10 structural warranty are included! The home is loaded with GreenSmart energy efficient features: radiant barrier attic sheathing, HERS testing & tankless water heater, energy efficient gas furnace and much, much more! You'll really appreciate the low utility bills you'll enjoy in our energy efficient homes! Fully landscaped with sod & sprinklers.</p>",,1661,3,2,0,1,2,"Main, 1st Floor",,,,,,,,,,,1,1562691735,1562691735,0,0,node/3763,/properties/shoals-landing-lot-12
3762,3771,"Shoals Landing, Lot 11",59,Move-In Ready Homes,"342 Silver Anchor Drive, Lot 11, Columbia, SC 29212",Great One Level with Double Garage!,25032,Delaney B2,Delaney,Shoals Landing,474894,212455,Normal,,,Open Concept Plan!,,"342 Silver Anchor Drive, Lot 11",Columbia,SC,29212,34.09,-81.22,"<p>Our decorated model is now open at 142 Shoals Landing Drive--11 am-6 pm Monday-Saturday, 1-6 pm Sundays. Irmo's Gated Shoals Landing--New construction by Great Southern Homes. Delaney B2 Floor Plan on Lot 11. This one is nestled next to wooded areas! One level living with everything on the main! The wrap-around front porch welcomes you into the foyer and greatroom. The greatroom sports smart luxury vinyl plank (LVP) flooring and gas log fireplace. Large kitchen, also with LVP flooring, offers a nice dining area, 3cm granite, stainless appliances, maple ivory painted cabinets, raised breakfast bar, island and pantry. The Master Bedroom has a large walk-in closet, ceiling fan and private bath with shower and dual vanity. Two more bedrooms share the hall bath. Separate laundry room. Double garage.The Honeywell Smart Home Automation System is included! You may opt to include our Residential Energy GUARANTEE! One year builder workmanship warranty and 10 structural warranty are included! The home is loaded with GreenSmart energy efficient features: radiant barrier attic sheathing, HERS testing & tankless water heater, energy efficient gas furnace and much, much more! You'll really appreciate the low utility bills you'll enjoy in our energy efficient homes! Fully landscaped with sod & sprinklers.</p>",,1567,3,2,0,1,2,"Main, 1st Floor",,,,,,,,,,,1,1562689346,1562755714,0,0,node/3762,/properties/shoals-landing-lot-11
3761,3770,105 Autumn Drive,314,Move-In Ready Homes,,,25026,Edisto B,Edisto,Autumn's Cay,472954,319307,Normal,,,,,105 Autumn Drive,Prosperity,SC,29127,34.1,-81.43,,,2571,3,2,1,2,2,Down,,,25027|25028|25029|25030,"Little Mountain Elementary,Mid-Carolina Middle,Mid-Carolina High",,,,,,,1,1562634331,1562634331,0,0,node/3761,/properties/105-autumn-drive
3760,3769,14 Bamburg Court,58,Move-In Ready Homes,14 Bamburg Court,"Live Green, Live Smart!",25024,Porter F,Porter,Regal Woods,,227073,Now Available,,,,,,Elgin,SC,29045,34.19,-80.82,,,2250,4,2,1,2,2,,,,,,,,,,,,1,1562613399,1562613399,0,0,node/3760,/properties/14-bamburg-court
3759,3768,134 Drummond Way,191,Move-In Ready Homes,134 Drummond Way,,25023,McClean C,McClean,Brookstone,,221774,Normal,2019-07-03 0:00:00,,,,134 Drummond Way,Lexington,SC,29072,33.96,-81.25,,,1990,4,2,1,2,2,,,,,,,,,,,,1,1562179371,1562179371,0,0,node/3759,/properties/134-drummond-way
3758,3767,138 Drummond Way,191,Move-In Ready Homes,138 Drummond Way,Perfect Ranch Style Plan,25022,Aster C,Aster,Brookstone,,225786,Normal,2019-07-03 0:00:00,,,,138 Drummond Way,Lexington,SC,29072,33.96,-81.25,,,1908,3,2,0,1,2,,,,,,,,,,,,1,1562179063,1562179063,0,0,node/3758,/properties/138-drummond-way
3757,3766,142 Drummond Way,191,Move-In Ready Homes,142 Drummond Way,Incredible Master,25021,Davenport A,Davenport,Brookstone,,226588,Normal,2019-07-03 0:00:00,,,,142 Drummond Way,Lexington,SC,29072,33.96,-81.25,,,2101,4,2,1,2,2,,,,,,,,,,,,1,1562178384,1562178384,0,0,node/3757,/properties/142-drummond-way
3756,3765,148 Drummond Way,191,Move-In Ready Homes,148 Drummond Way,One story floor plan!,25020,Dahlia B,Dahlia,Brookstone,,201559,Normal,2019-07-03 0:00:00,,,,148 Drummond Way,Lexington,SC,29072,33.96,-81.25,,,1661,3,2,,1,2,,,,,,,,,,,,1,1562177430,1562177430,0,0,node/3756,/properties/148-drummond-way
3755,3764,59 Windy Lane,255,Move-In Ready Homes,,,25014,Bay Breeze II A,Bay Breeze,Litchfield Breezes,1914451,446400,Normal,2019-07-03 0:00:00,,,,59 Windy Lane,Pawleys Island,SC,29585,33.46,-79.11,"<p><strong>New raised beach home across from the marsh in Litchfield Breezes! Under construction. Great features of the home include tankless hotwater heater, 10' ceilings, crown molding, recessed lighting, hardwood flooring and more! Kitchen has granite countertops, tile backsplash, gas range, and stainless steel appliances. Cable and high speed internet are included in HOA. Sit on your front porch and enjoy breezes off beautiful Litchfield Creek. Litchfield is located just 70 miles for a day trip to historic Charleston, SC or 25 miles to the attractions of Myrtle Beach!</strong></p>",,2210,4,4,,3,2,,,,25015|25016|25017|25018|25019,,,,,,,,1,1562176242,1562176342,0,0,node/3755,/properties/59-windy-lane
3754,3763,986 Yellowstone,171,Move-In Ready Homes,,,25013,Bradley A,Bradley I,Olde Mill,,245766,Normal,2019-07-03 0:00:00,,,,986 Yellowstone Dr,Florence,SC,29505,34.15,-79.75,,,3040,5,3,,2,2,,,,,"Greenwood Elementary School,Southside Middle School,South Florence High School",,,,,,,1,1562162488,1562162488,0,0,node/3754,/properties/986-yellowstone
3753,3762,2817 Olde Mill Rd,171,Move-In Ready Homes,,,25012,Porter D2 (Brick Front),Porter,Olde Mill,,232074,Normal,2019-07-03 0:00:00,,,,2817 Olde Mill Rd,Florence,SC,29505,34.15,-79.75,,,2250,4,2,1,2,2,,,,,"Greenwood Elementary School,Southside Middle School,South Florence High School",,,,,,,1,1562161982,1562161982,0,0,node/3753,/properties/2817-olde-mill-rd
3752,3761,1098 Yelowstone Dr,171,Move-In Ready Homes,,,25011,Bentgrass E2 (Brick Front),Bentgrass - all brick,Olde Mill,,224219,Normal,2019-07-03 0:00:00,,,,1098 Yellowstone Dr,Florence,SC,29505,34.15,-79.75,,,2272,5,3,,2,2,,,,,"Greenwood Elementary School,Southside Middle School,West Florence High School",,,,,,,1,1562161551,1562161551,0,0,node/3752,/properties/1098-yelowstone-dr
3751,3760,"Regatta Forest, Lot 46",59,Move-In Ready Homes,"274 Regatta Forest Drive, Lot 46, Columbia, SC 29212",Dramatic views of Lake Murray,24999,Magnolia C3,Magnolia,Regatta Forest,,354783,Hot Deal,,,What a View!,,"274 Regatta Forest Drive, Lot 46",Columbia,SC,29212,34.08,-81.24,,,2510,4,3,0,1,2,"Main, 1st Floor",,,,,,,,,,,1,1562146779,1563541445,0,0,node/3751,/properties/regatta-forest-lot-46
3750,3759,206 Fern Hollow Way,1126,Move-In Ready Homes,,,24965,Mountain Crest D (End Unit),Mountain Crest,Whispering Pines,,213158,Sold,2019-07-31 0:00:00,,,,206 Fern Hollow Way,Mauldin,SC,29662,34.79,-82.31,,,1928,4,2,1,2,1,"Main, 1st Floor",,,24966|24967|24968|24969|24970|24971|24972|24973|24974|24975,"Greenbrier Elementary,Mauldin Middle School,Mauldin High School",,,,,,,1,1562084414,1562084547,0,0,node/3750,/properties/206-fern-hollow-way-0
3749,3758,8 Bamburg Court,58,Move-In Ready Homes,8 Bamburg Court,"Live Green, Live Smart!",24962,Bentgrass B,Bentgrass - all brick,Regal Woods,474816,208900,Sold,2019-07-11 0:00:00,,,,,Camden,SC,29045,34.19,-80.82,,,2272,5,3,,2,2,,,,,,,,,,,,1,1562081838,1563019681,0,0,node/3749,/properties/8-bamburg-court
3748,3757,640 Teaberry Drive (Lot 118),215,Move-In Ready Homes,,,24937,Bentgrass C,Bentgrass - all brick,Hawthorne Ridge,,218211,Now Available,,,,,640 Teaberry Drive,Columbia,SC,29229,34.17,-80.92,,,2272,5,3,,2,2,,,,24938|24939|24940|24941|24942|24943|24944|24945|24946|24947|24948|24949|24950|24951|24952|24953|24954|24955,,,,,,,,1,1561989074,1561989304,0,0,node/3748,/properties/640-teaberry-drive-lot-118
3747,3756,3 Sixty Oaks Lane,57,Move-In Ready Homes,3 Sixty Oaks Lane,"Live Green, Live Smart!",24923,Yorkshire G,Yorkshire G,Fair Havens,471439,414000,Now Available,2019-06-30 0:00:00,,,,,Elgin,SC,29045,34.2,-80.75,,,,,,,,,,,,,,,,,,,,1,1561914097,1563476658,0,0,node/3747,/properties/3-sixty-oaks-lane
3746,3755,517 Holland Road,211,Move-In Ready Homes,517 Holland Road,"One Level High-Tech, Smart Home w/ Hardwoods in LR, DR, & Kitchen",25046,Annaberry B,Annaberry,Blythewood Crossing,,188500,Sold,,,,,517 Holland Road,Blythewood,SC,29016,34.16,-80.97,,,1558,3,2,0,1,2,"Main, 1st Floor",,,,,,,,,,,1,1561671760,1563813342,0,0,node/3746,/properties/517-holland-road
3745,3754,1294 Chestnut Rd,58,Move-In Ready Homes,1294 Chestnut Rd,"Live Green, Live Smart!",24887,Beaujolais C,Beaujolais,Chestnut Grove,474433,278626,Normal,,,,,,Elgin,SC,29045,34.2,-80.79,,,3124,5,3,,2,2,,,,,,,,,,,,1,1561655818,1561655818,0,0,node/3745,/properties/1294-chestnut-rd
3744,3753,461 Summit Hills Circle,1023,Move-In Ready Homes,461 Summit Hills Circle,Model Home,24856,Devonshire A,Devonshire,Summit Hills,474406,267900,Now Available,2019-06-26 0:00:00,,,,461 Summit Hills Circle,Columbia,SC,29229,34.16,-80.9,,,2595,4,2,1,2,2,Up,,,24857|24858|24859|24860|24861|24862|24863|24864|24865|24866|24867|24868|24869|24870|24871|24872|24873|24874|24875|24876|24877|24878|24879|24880|24881|24882|24883|24884|24885|24886,"Rice Creek Elementary School,Kelly Mill Middle School,Ridgeview High School",,,,,,,1,1561581925,1561581925,0,0,node/3744,/properties/461-summit-hills-circle
3743,3752,3750 Moseley Drive (Lot 108),199,Move-In Ready Homes,,,24852,Beaujolais B,Beaujolais,Stafford Meadows,,240000,Normal,2019-06-26 0:00:00,,,,3750 Moseley Drive (Lot 108),Sumter,SC,29154,33.93,-80.44,,,3124,5,3,,2,2,,,,,"Cherryvale Elementary School,Furman Middle School,Sumter High School",,,,,,,1,1561570904,1561571099,0,0,node/3743,/properties/3750-moseley-drive-lot-108
3742,3751,39 Sixty Oaks Lane,57,Move-In Ready Homes,39 Sixty Oaks Lane,,24838,Azalea A4 (Full Brick),Azalea,Fair Havens,473689,364216,Normal,2019-06-25 0:00:00,,,,,Elgin,SC,29045,34.2,-80.75,,,2950,4,3,,2,2,,,,,,,,,,,,1,1561496355,1561496355,0,0,node/3742,/properties/39-sixty-oaks-lane
3741,3750,1302 Chestnut Road,57,Move-In Ready Homes,1302 Chestnut Road,,24837,Bradley B,Bradley I,Chestnut Grove,474092,270683,Normal,2019-06-25 0:00:00,,,,,Elgin,SC,29045,34.2,-80.79,,,3040,5,3,,2,2,,,,,,,,,,,,1,1561489275,1561489275,0,0,node/3741,/properties/1302-chestnut-road
3740,3749,1298 Chestnut Road,57,Move-In Ready Homes,1298 Chestnut Road,,24836,Bentgrass B,Bentgrass - all brick,Chestnut Grove,474090,223271,Normal,2019-06-25 0:00:00,,,,,Elgin,SC,29045,34.2,-80.79,,,2272,5,3,,2,2,,,,,,,,,,,,1,1561489101,1561489101,0,0,node/3740,/properties/1298-chestnut-road
3739,3748,1276 Chestnut Rd,58,Move-In Ready Homes,1276 Chestnut Rd,"Live Green, Live Smart!",24835,Devonshire A,Devonshire,Chestnut Grove,474346,240178,Now Available,2019-06-25 0:00:00,,,,,Elgin,SC,29045,34.2,-80.79,,,2570,4,2,1,2,2,,,,,,,,,,,,1,1561488305,1561488305,0,0,node/3739,/properties/1276-chestnut-rd
3738,3747,411 Blue Garden Way (Lot 58),215,Move-In Ready Homes,,,24834,Riverbend B,Riverbend,Spring Meadow,,214075,Now Available,,,,,411 Blue Garden Way,Columbia,SC,29223,34.13,-80.92,,,2038,4,3,1,2,2,,,,,,,,,,,,1,1561396547,1561396547,0,0,node/3738,/properties/411-blue-garden-way-lot-58
3737,3746,417 Blue Garden Way (Lot 59),215,Move-In Ready Homes,,,24811,Buckley A,Buckley,Spring Meadow,,193649,Now Available,,,,,417 Blue Garden Way,Columbia,SC,29223,34.13,-80.92,,,1748,3,2,1,2,2,,,,24812|24813|24814|24815|24816|24817|24818|24819|24820|24821|24822|24823|24824|24825|24826|24827|24828|24829|24830|24831|24832,,,,,,,,1,1561395202,1561395592,0,0,node/3737,/properties/417-blue-garden-way-lot-59
3736,3745,366 Spring Meadow Road (Lot 45),215,Move-In Ready Homes,,,24791,Bentgrass C,Bentgrass - all brick,Spring Meadow,,214015,Now Available,,,,,366 Spring Meadow Road,Columbia,SC,29223,34.13,-80.92,,,2272,5,3,,2,2,,,,24792|24793|24794|24795|24796|24797|24798|24799|24800|24801|24803|24804|24805|24806|24807|24808|24809|24810,,,,,,,,1,1561393861,1561394257,0,0,node/3736,/properties/366-spring-meadow-road-lot-45
3735,3744,Walnut Creek Model Home,255,Move-In Ready Homes,,,24741,Aberdeen A,Aberdeen,Walnut Creek,,,Normal,2019-06-18 0:00:00,,,,,Elgin,SC,29045,,,,,2394,4,3,1,2,2,,,,,,,,,,,,0,1560871963,1560871963,0,0,node/3735,/properties/walnut-creek-model-home
3734,3743,33 Sixty Oaks Lane,58,Move-In Ready Homes,33 Sixty Oaks Lane,"Live Green, Live Smart!",24688,Magnolia C Sideload,Magnolia,Fair Havens,473747,343360,Now Available,,,,,,Elgin,SC,29045,34.2,-80.75,,,2510,4,3,0,1,2,,,,,,,,,,,,1,1560800792,1560800792,0,0,node/3734,/properties/33-sixty-oaks-lane
3733,3742,1080 Acacia Lane,1023,Move-In Ready Homes,1080 Acacia Lane,,24627,Wellington II B,Wellington II,Summit Hills,473518,197434,Normal,2019-06-13 0:00:00,,,,1080 Acacia Lane,Columbia,SC,29229,34.16,-80.9,,,1798,4,2,1,2,2,Up,,,24628|24629|24630|24631|24632|24633|24634|24635|24636|24637|24638|24639|24640|24641|24642|24643|24644|24645|24646|24647|24648|24649|24650|24651|24652,"Rice Creek Elementary School,Kelly Mill Middle School,Ridgeview High School",,,,,,,1,1560460618,1560460618,0,0,node/3733,/properties/1080-acacia-lane
3732,3741,826 Frogmore Way,1795,Move-In Ready Homes,,"High-Tech, Smart Home",24589,Bentgrass C,Bentgrass - all brick,Drayton Hall,,202109,Normal,2019-06-12 0:00:00,,,,826 Frogmore Way,West Columbia,SC,29172,33.9,-81.06,,,2272,5,3,,2,2,,,,,,,,,,,,1,1560345391,1560774479,0,0,node/3732,/properties/826-frogmore-way
3731,3740,822 Frogmore Way,1795,Move-In Ready Homes,Bentgrass B,High-Tech Smart Home,24588,Bentgrass B,Bentgrass - all brick,Drayton Hall,,197500,Hot Deal,2019-06-12 0:00:00,,,,822 Frogmore Way,West Columbia,SC,29172,33.9,-81.06,,,2272,5,3,,2,2,,,,,,,,,,,,1,1560344484,1560344484,0,0,node/3731,/properties/822-frogmore-way
3730,3739,818 Frogmore Way,1795,Move-In Ready Homes,,"High-Tech, Smart Home Great Use of Space",24587,Regency A,Regency,Drayton Hall,,157500,Normal,,,,,818 Frogmore Way,West Columbia,SC,29172,33.9,-81.06,,,1355,3,2,1,2,2,,,,,,,,,,,,1,1560344142,1560344142,0,0,node/3730,/properties/818-frogmore-way
3729,3738,1074 Acacia Lane,1023,Move-In Ready Homes,1074 Acacia Lane,,24586,Gaston D,Gaston,Summit Hills,473212,220331,Normal,2019-06-11 0:00:00,,,,1074 Acacia Lane,Columbia,SC,29229,34.16,-80.9,,,2434,4,2,1,2,2,Up,,,24596|24597|24598|24599|24600|24601|24602|24603|24604|24605|24606|24607|24608|24609|24610|24611|24612|24613|24614|24615|24616|24617|24618|24619|24620|24622|24623|24624|24625|24626,"Rice Creek Elementary School,Kelly Mill Middle School,Ridgeview High School",,,,,,,1,1560286479,1560360748,0,0,node/3729,/properties/1074-acacia-lane
3728,3737,1288 Chestnut Road,57,Move-In Ready Homes,1288 Chestnut Road,,24583,Porter F,Porter,Chestnut Grove,,235375,Now Available,,,,,1288 Chestnut Road,Elgin,SC,29045,34.2,-80.79,,,2342,4,2,1,2,2,Up,,,,"Blaney Elementary School,Leslie M Stover Middle School,Lugoff-Elgin High School",,,,,,,1,1560279683,1560361665,0,0,node/3728,/properties/1288-chestnut-road
3727,3736,1284 Chestnut Road,57,Move-In Ready Homes,1284 Chestnut Road,,24582,Bradley A,Bradley I,Chestnut Grove,,270000,Now Available,,,,,1284 Chestnut Road,Elgin,SC,29045,34.2,-80.79,<p>    </p>,,3040,4,3,,2,2,Up,,,,,,,,,,,1,1560279488,1560361685,0,0,node/3727,/properties/1284-chestnut-road
3726,3735,69 Mayapple Dr,68,Move-In Ready Homes,,"Bentgrass A 5 bed 3 full bath 2 Story 2 Car Garage Beautiful open floor plan perfect for entertaining! 5th bedroom & 3rd full bath downstairs. Upstairs features Master Suite, 3 bedrooms, full bath, Loft & laundry.",24581,Bentgrass A,Bentgrass - all brick,Persimmon Village,,199909,Normal,,,,,69 Mayapple Dr,Lexington,SC,29073,33.94,-81.21,,,2272,5,3,,2,2,,,,,,,,,,,,1,1560199978,1560199978,0,0,node/3726,/properties/69-mayapple-dr
3725,3734,54 Mayapple Dr,68,Move-In Ready Homes,,"Bentgrass A 5 bed 3 full bath 2 Story 2 Car Garage Beautiful open floor plan perfect for entertaining! 5th bedroom & 3rd full bath downstairs. Upstairs features Master Suite, 3 bedrooms, full bath, Loft & laundry.",24580,Bentgrass A,Bentgrass - all brick,Persimmon Village,,201360,Normal,,,,,54 Mayapple Dr,Lexington,SC,29073,33.94,-81.21,,,2272,5,3,,2,2,,,,,,,,,,,,1,1560199740,1560199740,0,0,node/3725,/properties/54-mayapple-dr
3724,3733,352 Oristo Ridge Way,68,Move-In Ready Homes,,"McClean C 4 bed 2.5 bath 2 Story 2 Car Garage, Beautiful open floor plan with a large kitchen island, huge master with his & hers walk in closets, laundry upstairs",24577,McClean C,McClean,Timmons Pond,,210202,Now Available,,,,,352 Oristo Ridge Way,West Columbia,SC,29170,33.96,-81.15,,,1990,4,2,1,2,2,,,,,,,,,,,,1,1560195154,1560195154,0,0,node/3724,/properties/352-oristo-ridge-way
3722,3731,204 Bromley Fold Lane,212,Move-In Ready Homes,,Master down!,24563,Hillcrest A6,Hillcrest,Bessinger,,211564,Normal,,"<p>$2,000 Mad Money!</p>","$2,000 mad money!!",,,simpsonville,SC,29681,34.72,-82.28,,,1917,4,2,1,2,1,,,,,,,,,,,,1,1560027064,1560027064,0,0,node/3722,/properties/204-bromley-fold-lane
3721,3730,634 Teaberry Drive (Lot 119),215,Move-In Ready Homes,,,24936,Harper B,Harper,Hawthorne Ridge,,202233,Now Available,,,,,634 Teaberry Drive,Columbia,SC,29229,34.17,-80.92,,,1861,3,2,1,2,2,,,,,,,,,,,,1,1560022753,1561987733,0,0,node/3721,/properties/634-teaberry-drive-lot-119
3720,3729,530 Curlew Circle (Lot 145),199,Move-In Ready Homes,,,24963,Davenport II A,Davenport II,Heritage Bay,1000029152,226000,Quick Move-in,2019-06-06 0:00:00,,,,,Sumter,SC,29150,33.93,-80.41,,,2125,4,2,,2,2,,,,,"Millwood Elementary,Alice Drive Middle School,Sumter High School",,,,,,,1,1559846494,1562083455,0,0,node/3720,/properties/530-curlew-circle-lot-145
3719,3728,150 Decoy Court (Lot 6),199,Move-In Ready Homes,,,16097,Bentgrass C,Bentgrass - all brick,Woodridge,1000029149,215500,Sold,2019-05-20 0:00:00,,,,,Sumter,SC,29150,33.92,-80.4,,,2272,5,3,,2,2,,,,,"Millwood Elementary,Alice Drive Middle School,Sumter High School",,,,,,,1,1559846081,1560369372,0,0,node/3719,/properties/150-decoy-court-lot-6
3718,3727,3648 Moseley Drive (Lot 98),199,Move-In Ready Homes,,,24849,Bentgrass A,Bentgrass - all brick,Stafford Meadows,1000029147,207500,Normal,2019-06-06 0:00:00,,,,,Sumter,SC,29154,33.93,-80.44,,,2272,5,3,,2,2,,,,,"Cherryvale Elementary School,Furman Middle School,Lakewood High School",,,,,,,1,1559845888,1561570310,0,0,node/3718,/properties/3648-moseley-drive-lot-98
3717,3726,3765 Moseley Drive (Lot 78),199,Move-In Ready Homes,,,24850,Porter B,Porter,Stafford Meadows,1000029146,208500,Normal,2019-06-06 0:00:00,,,,,Sumter,SC,29154,33.93,-80.44,,,2250,4,2,1,2,2,,,,,"Cherryvale Elementary School,Furman Middle School,Lakewood High School",,,,,,,1,1559845679,1561570398,0,0,node/3717,/properties/3765-moseley-drive-lot-78
3716,3725,110 Drummond Way,191,Move-In Ready Homes,110 Drummond Way,Master Down!,24496,Buckley A,Buckley,Brookstone,,209449,Normal,2019-06-06 0:00:00,,,,110 Drummond Way,Lexington,SC,29072,33.96,-81.25,,,1748,3,2,1,2,2,,,,24497|24498|24499|24500|24501|24502|24503|24504|24505,,,,,,,,1,1559829835,1559831152,0,0,node/3716,/properties/110-drummond-way
3715,3724,114 Drummond Way,191,Move-In Ready Homes,114 Drummond Way,One Level,24522,Dahlia C,Dahlia,Brookstone,,208336,Sold,2019-06-06 0:00:00,,,,114 Drummond Way,Lexington,SC,29072,33.96,-81.25,,,1661,3,2,,1,2,,,,24523|24525|24526|24527|24528,,,,,,,,1,1559829736,1562179465,0,0,node/3715,/properties/114-drummond-way
3714,3723,122 Drummond Way,191,Move-In Ready Homes,122 Drummond Way,4 Bedrooms,24506,Harper B,Harper,Brookstone,,213237,Normal,2019-06-06 0:00:00,,,,122 Drummond Way,Lexington,SC,29072,33.96,-81.25,,,1861,3,2,1,2,2,,,,24507|24508|24509|24510|24511|24512|24513|24514|24515|24516|24517|24518|24519|24520,,,,,,,,1,1559829633,1559831477,0,0,node/3714,/properties/122-drummond-way
3713,3722,126 Drummond Way,191,Move-In Ready Homes,126 Drummond Way,Simply Gorgeous!,24521,Porter F,Porter,Brookstone,,235773,Normal,2019-06-06 0:00:00,,,,126 Drummond Way,Lexington,SC,29072,33.96,-81.25,,,2250,4,2,1,2,2,,,,,,,,,,,,1,1559829508,1559845396,0,0,node/3713,/properties/126-drummond-way
3712,3721,130 Drummond Way,191,Move-In Ready Homes,130 Drummond Way,Fabulous Master Suite!,24529,Bentgrass D,Bentgrass - all brick,Brookstone,,231213,Normal,2019-06-06 0:00:00,,,,130 Drummond Way,Lexington,SC,29072,33.96,-81.25,,,2272,5,3,,2,2,,,,,,,,,,,,1,1559829341,1559845643,0,0,node/3712,/properties/130-drummond-way
3711,3720,135 Drummond Way,191,Move-In Ready Homes,135 Drummond Way,Ranch Style Plan!,24530,Annaberry B,Annaberry,Brookstone,,193357,Normal,2019-06-06 0:00:00,,,,135 Drummond Way,Lexington,SC,29072,33.96,-81.25,,,1558,3,2,0,1,2,,,,,,,,,,,,1,1559829188,1559845715,0,0,node/3711,/properties/135-drummond-way
3710,3719,131 Drummond Way,191,Move-In Ready Homes,131 Drummond Way,One level living!,24495,Dillon B2,Dillon,Brookstone,,207474,Normal,2019-06-06 0:00:00,,,,131 Drummond Way,Lexington,SC,29072,33.96,-81.25,,,1686,3,2,,1,2,,,,,,,,,,,,1,1559829076,1559830546,0,0,node/3710,/properties/131-drummond-way
3709,3718,123 Drummond Way,191,Move-In Ready Homes,123 Drummond Way,Open Concept!,24531,Bentgrass F,Bentgrass - all brick,Brookstone,,232513,Normal,2019-06-06 0:00:00,,,,123 Drummond Way,Lexington,SC,29072,33.96,-81.25,,,2272,5,3,,2,2,,,,,,,,,,,,1,1559828936,1559845909,0,0,node/3709,/properties/123-drummond-way
3708,3717,115 Drummond Way,191,Move-In Ready Homes,115 Drummond Way,5 Bedrooms!,24532,Bradley B,Bradley I,Brookstone,,257609,Normal,2019-06-06 0:00:00,,,,115 Drummond Way,Lexington,SC,29072,33.96,-81.25,,,3040,5,3,,2,2,,,,,,,,,,,,1,1559828818,1559846047,0,0,node/3708,/properties/115-drummond-way
3707,3716,Rocky Ridge Model Home,255,Move-In Ready Homes,,,24493,Aberdeen A,Aberdeen,Rocky Ridge,,,Normal,2019-06-05 0:00:00,,,,,Seneca,SC,29678,,,,,2394,4,3,1,2,2,,,,,,,,,,,,0,1559748779,1559748779,0,0,node/3707,/properties/rocky-ridge-model-home
3706,3715,Cross Creek Model Home,255,Move-In Ready Homes,,,24490,Aberdeen A,Aberdeen,Cross Creek Plantation,,,Normal,2019-06-05 0:00:00,,,,,Seneca,SC,29678,,,,,2394,4,3,1,2,2,,,,,,,,,,,,0,1559746339,1559746339,0,0,node/3706,/properties/cross-creek-model-home
3705,3714,247 Cedar Hollow Lane - Lot 18,1841,Move-In Ready Homes,The Beautiful Beaumont,,24462,Beaumont B,Beaumont,Cedar Mill,472798,335365,Normal,,,,,247 Cedar Hollow Lane,Irmo,SC,29063,34.13,-81.24,,,3249,5,3,,2,2,,,,24463|24464|24465|24466|24467|24468|24469|24470|24471|24472|24473|24474|24475|24476|24477|24478|24479|24480|24481|24482|24483|24484,"Elementary Schools,Ballentine Elementary School,Middle Schools,Dutch Fork Middle School,High Schools,Dutch Fork High School",,,,,,,1,1559680205,1559680205,0,0,node/3705,/properties/247-cedar-hollow-lane-lot-18
3704,3713,"202 Viewmont Drive Duncan, SC 29334",351,Move-In Ready Homes,,,24445,Hidden Creek B,Hidden Creek,Wilson Farms,,203733,Normal,,,,,,Duncan,SC,29334,34.89,-82.12,,,1694,3,2,1,2,2,,,https://vimeo.com/317386925,24446|24447|24448|24449|24450|24451|24452|24453|24454|24455|24456|24457|24458|24459|24460,,,,,,,,1,1559589181,1562872519,0,0,node/3704,/properties/202-viewmont-drive-duncan-sc-29334
3703,3712,238 Hilton View Court,260,Move-In Ready Homes,,Edisto F! Room Over! Side Entry Garage!,24367,Edisto F,Edisto,Estates at Hilton,,350563,Now Available,2019-05-29 0:00:00,,,,238 Hilton View Court,Chapin,SC,29036,34.1,-81.29,,,2531,3,2,1,2,2,,,,24381|24382|24383|24384|24385|24386|24387|24388|24389|24390|24391|24392|24393|24394|24395|24396|24397|24398|24399|24400|24401|24402|24403|24404|24405|24406|24407|24408|24409|24410|24411|24420|24421|24422|24423|24424|24425,,,,,STOCK,,,1,1559162954,1562521625,0,0,node/3703,/properties/238-hilton-view-court
